run,runtime_seconds
1,0.22142139996867627
2,0.6973097999580204
3,0.4346476999344304
4,1.3456643000245094
5,1.193736799992621
6,0.10315640002954751
7,1.6685059999581426
8,0.3426788999931887
9,1.0221934999572113
10,0.4376713999081403
11,0.41749209992121905
12,1.3122654999606311
13,0.10380709997843951
14,0.06301969999913126
15,0.9363991999998689
16,0.0976031000027433
17,1.400351700023748
18,0.11929900001268834
19,1.0051772000733763
20,0.6533779000164941
21,0.11509749991819263
22,1.9416894998867065
23,0.1676887999055907
24,0.09999160002917051
25,0.31930209998972714
26,3.6356983000878245
27,0.083548599970527
28,0.04298709996510297
29,1.3734080999856815
30,0.6308691999875009
31,0.5692532999673858
32,0.504349600058049
33,0.07670920004602522
34,0.20210370002314448
35,0.03690850001294166
36,0.08964909997303039
37,0.10805549996439368
38,0.06178610003553331
39,1.9716043000807986
40,0.13990149996243417
41,0.18185070005711168
42,0.14653050003107637
43,0.10355999995954335
44,0.8950324000325054
45,1.0746362999780104
46,0.6245320999296382
47,0.11652260005939752
48,0.2960878999438137
49,0.5118355000158772
50,0.06358710001222789
51,0.4960830000927672
52,0.8450603000819683
53,0.08656059997156262
54,1.564554600045085
55,0.24995540000963956
56,0.6981751000275835
57,0.17803250008728355
58,0.07474290009122342
59,0.0780898000812158
60,0.702406800002791
61,0.32225690002087504
62,1.3654305000090972
63,1.486313399975188
64,0.03343160008080304
65,0.08068889996502548
66,0.684896899969317
67,0.7969663999974728
68,0.07515320007223636
69,0.27324410004075617
70,0.11243920004926622
71,0.0815274000633508
72,0.07924270001240075
73,0.052991699893027544
74,0.09395920007955283
75,0.16732829995453358
76,0.183261499973014
77,0.15354349999688566
78,0.056593600078485906
79,0.09863749996293336
80,0.24534310004673898
81,0.25967419997323304
82,0.06864720000885427
83,3.140942999976687
84,0.24956799997016788
85,0.8461701999185607
86,1.0352911000372842
87,0.2974871000042185
88,1.355876800022088
89,1.7113993000239134
90,0.0805151000386104
91,0.4806084999581799
92,0.07717029994819313
93,0.33391869999468327
94,0.15105720004066825
95,0.06825480004772544
96,0.43220109993126243
97,0.46118599991314113
98,0.040086799999699
99,0.14443169999867678
100,0.12805250007659197
101,1.9765971000306308
102,1.8950958999339491
103,0.35619079996831715
104,0.12153289990965277
105,0.21998639998491853
106,0.21849580004345626
107,0.19542989996261895
108,0.850908900029026
109,0.09798849991057068
110,0.203364499961026
111,0.3956958999624476
112,0.13688360003288835
113,3.5444208999397233
114,0.1556233000010252
115,1.099246299942024
116,1.272020300035365
117,1.9126668999670073
118,0.2314018999459222
119,0.34428920003119856
120,0.032601799932308495
121,0.21072799991816282
122,0.5858277999795973
123,0.4823638000525534
124,0.8903984000207856
125,0.09324229997582734
126,0.10166419995948672
127,0.37488020001910627
128,0.11243489990010858
129,0.043515700032003224
130,0.18393950001336634
131,0.06912010000087321
132,0.051886699977330863
133,1.1806181999854743
134,1.8086989000439644
135,2.6863139999331906
136,0.6527425000676885
137,0.27324180002324283
138,0.113396400003694
139,0.10677479999139905
140,0.5482911999570206
141,0.09176740003749728
142,0.14689919992815703
143,0.09403659997042269
144,0.2811168000334874
145,0.6461600000038743
146,0.056499999947845936
147,0.7220346999820322
148,0.330372600001283
149,0.15721370000392199
150,0.14077250007539988
151,0.16030690004117787
152,0.14363170007709414
153,0.12610819994006306
154,0.8763037000317127
155,0.12838620005641133
156,0.6740604999940842
157,0.24858470004983246
158,1.384235000004992
159,0.0907638999633491
160,0.5200003000209108
161,0.6833779000444338
162,0.6126400000648573
163,0.32534389989450574
164,1.6075291000306606
165,0.10095270001329482
166,0.33010539994575083
167,2.256399300065823
168,0.1761236999882385
169,0.08755339996423572
170,0.21205380000174046
171,0.1726380999898538
172,0.04154120001476258
173,0.5237392000854015
174,0.20822300005238503
175,0.269215099979192
176,0.09618580003734678
177,0.1719493999844417
178,1.6265024000313133
179,0.05739690002519637
180,0.1965766999637708
181,0.8114706999622285
182,0.3525900000240654
183,0.37207110004965216
184,0.09355009999126196
185,0.2625282999360934
186,0.03928349993657321
187,0.2617298999102786
188,0.09555119997821748
189,0.36727789998985827
190,0.10737360001076013
191,0.08658229990396649
192,0.24470560008194298
193,0.06556639994960278
194,0.12368079996667802
195,0.07415999996010214
196,0.11703920003492385
197,1.0821972000412643
198,0.9651079999748617
199,0.05157879996113479
200,0.2721478999592364
201,2.6030186999123544
202,0.2366078000050038
203,0.8948854000773281
204,1.660111999954097
205,0.7473444000352174
206,0.5585151000414044
207,1.0441894000396132
208,0.05844639998394996
209,0.36244109994731843
210,0.27014190005138516
211,0.06406200001947582
212,0.9579404999967664
213,0.10494960006326437
214,0.08891980000771582
215,0.15026609995402396
216,0.02236479998100549
217,0.09835280000697821
218,0.6338733000447974
219,0.057157799950800836
220,1.441299100057222
221,0.036473600077442825
222,0.09961990010924637
223,0.054414700018242
224,0.13401199993677437
225,1.2455661999993026
226,0.8475489999400452
227,0.12025110004469752
228,0.15040709997992963
229,0.10906100005377084
230,0.9815106999594718
231,0.3945382999954745
232,0.06426849996205419
233,0.18088200001511723
234,0.16431589995045215
235,0.6387053999351338
236,0.062643300043419
237,1.1879611000185832
238,0.08481720008421689
239,0.0375600999686867
240,0.0962139000184834
241,0.016335199936293066
242,0.27341969998087734
243,0.48675729997921735
244,0.5792004000395536
245,0.041653400054201484
246,1.2629375000251457
247,0.07533780008088797
248,0.2156167000066489
249,2.06026020005811
250,0.13847889995668083
251,2.122488799970597
252,0.12881679995916784
253,1.3488977999659255
254,0.5396279999986291
255,0.3312804000452161
256,0.4634835999459028
257,0.5782938000047579
258,0.11886009993031621
259,0.23210929997731
260,2.9797826999565586
261,0.06602890009526163
262,1.7519679999677464
263,1.2815719000063837
264,0.9054215999785811
265,0.11940700002014637
266,0.5143651999533176
267,0.8320071999914944
268,1.279630500008352
269,0.7174836000194773
270,0.2174002000829205
271,0.10796699998900294
272,0.05286410008557141
273,0.3508923000190407
274,1.3473242999752983
275,0.04518310003913939
276,1.9163956999545917
277,3.339171199942939
278,0.13080070004798472
279,0.4201821000315249
280,0.07934309996198863
281,0.06543600000441074
282,0.13671590003650635
283,0.08797590003814548
284,1.5790651999413967
285,1.7924370999680832
286,0.10081869992427528
287,0.1209666000213474
288,1.2547947999555618
289,3.1450014000292867
290,1.9847613000310957
291,0.3112974999239668
292,0.12650889996439219
293,0.08361820003483444
294,0.974633099976927
295,0.0382327000843361
296,0.1625054000178352
297,0.05979179998394102
298,0.05738270003348589
299,0.05662799999117851
300,0.4322983999736607
301,0.12049519992433488
302,0.19475260004401207
303,0.49095840007066727
304,0.09509539999999106
305,0.0884408000856638
306,0.09788719995412976
307,0.32759900006931275
308,0.06701440003234893
309,2.571576499962248
310,0.4822277999483049
311,0.6734324001008645
312,3.5033644000068307
313,1.149848400033079
314,0.037587700062431395
315,0.15772829996421933
316,0.11203620000742376
317,0.06231309997383505
318,0.3104821000015363
319,0.3975428999401629
320,0.11576080007944256
321,1.2979743999894708
322,0.05639689997769892
323,0.09656249999534339
324,1.05355499999132
325,0.9320741000119597
326,0.2252470999956131
327,0.0976299000903964
328,1.7920933000277728
329,0.056218800018541515
330,1.7490249000256881
331,0.1289091999642551
332,0.11865950003266335
333,0.5170008999994025
334,0.041795299970544875
335,0.13854289997834712
336,0.1939526000060141
337,2.075593400048092
338,0.6052405999507755
339,0.7264467000495642
340,1.6446342000272125
341,0.07734369998797774
342,0.09335760003887117
343,0.45682129997294396
344,0.33371290005743504
345,0.09120210004039109
346,0.6484796999720857
347,0.13929660001304
348,0.8737381999380887
349,0.1524938999209553
350,0.6048278999514878
351,2.6977361999452114
352,0.11311070004012436
353,0.1441056999610737
354,0.037375399959273636
355,0.16655540000647306
356,0.02463759994134307
357,0.09025919996201992
358,0.14788320008665323
359,0.18600250000599772
360,2.2007001999299973
361,0.10045519995037466
362,0.1348042000317946
363,0.5035518000368029
364,0.11308409995399415
365,1.2700066999532282
366,1.7089291999582201
367,0.5166214000200853
368,0.19234439998399466
369,0.18139659997541457
370,0.08297780004795641
371,0.592552800080739
372,0.07185399997979403
373,0.6814341000281274
374,0.3893937000539154
375,0.09548199991695583
376,2.2573269000276923
377,0.11867009999696165
378,1.1665902000386268
379,0.7487647000234574
380,1.3357719000196084
381,0.12374999991152436
382,0.24950220005121082
383,0.18409680004697293
384,1.437498899991624
385,0.04959850001614541
386,2.8284539999440312
387,0.1999416999751702
388,0.05132099997717887
389,0.20917789998929948
390,0.7565273999935016
391,0.21106380003038794
392,0.12974619993474334
393,0.2721689000027254
394,0.13423860003240407
395,1.1192442000610754
396,2.077730600023642
397,3.145307899918407
398,0.060833800002001226
399,0.048908700002357364
400,0.33350579999387264
401,0.6989433000562713
402,0.07842559996061027
403,0.26594630000181496
404,2.1066990999970585
405,0.060291700065135956
406,0.03909009997732937
407,0.03698989993426949
408,0.28807080001570284
409,0.21240870002657175
410,0.3900850999634713
411,0.0897906000027433
412,0.09703379997517914
413,0.1063154999865219
414,0.21429350005928427
415,1.4944730999413878
416,0.3026052999775857
417,0.047597299912013113
418,0.2457125000655651
419,0.49770529998932034
420,0.4554216000251472
421,0.10471189999952912
422,0.1596125999931246
423,0.4493977000238374
424,1.0460902999620885
425,0.031651000026613474
426,0.25027779990341514
427,0.05921179999131709
428,0.07027379993814975
429,0.09635270002763718
430,0.5010412000119686
431,0.07692249992396683
432,0.13315479992888868
433,0.08463060006033629
434,1.3681828000117093
435,0.5444045999320224
436,0.10286109999287874
437,0.1413531000725925
438,0.4793707999633625
439,0.0978289000922814
440,0.6116380000021309
441,0.7336087999865413
442,1.2539337000343949
443,2.0118063999107108
444,0.20082689996343106
445,0.3960780000779778
446,0.32690139999613166
447,0.16356989997439086
448,0.13340309995692223
449,0.14427619997877628
450,1.654443999985233
451,1.1465808999491856
452,1.4793143999995664
453,0.07785050000529736
454,0.09388129995204508
455,2.895477700047195
456,0.189154899911955
457,0.07081209996249527
458,0.11426599998958409
459,3.3817990999668837
460,0.6051837999839336
461,0.2278715999564156
462,0.3472301000729203
463,0.4877330999588594
464,0.14804410003125668
465,2.141446499968879
466,2.235215299995616
467,0.9181566999759525
468,0.17091069999150932
469,0.1160082999849692
470,0.22235209995415062
471,0.2490600999444723
472,2.133017700049095
473,0.7364808999700472
474,0.042122800019569695
475,0.09650999994482845
476,0.13285319996066391
477,0.07361459999810904
478,1.188198099960573
479,0.08406120003201067
480,0.14048459997866303
481,0.07393780001439154
482,1.0313667000737041
483,0.061114200041629374
484,0.08339629997499287
485,0.719297599978745
486,1.5610259000677615
487,0.0409775999141857
488,0.3222097000107169
489,0.35630909993778914
490,0.5105048000114039
491,0.08096960000693798
492,0.18364659999497235
493,0.05674499995075166
494,0.0692078999709338
495,0.10433140001259744
496,0.7863029000582173
497,0.05977059993892908
498,0.5347376000136137
499,0.07403510005678982
500,0.2628108999924734
